<?xml version="1.0" encoding="UTF-8"?>
<beans xmlns="http://www.springframework.org/schema/beans"
	xmlns:xsi="http://www.w3.org/2001/XMLSchema-instance"
	xsi:schemaLocation="http://www.springframework.org/schema/beans http://www.springframework.org/schema/beans/spring-beans.xsd">
<bean id = "address" class = "com.cgi.spring_di_example2.Address">
<constructor-arg name="addressLine1" value="Hyderabad"></constructor-arg>
<constructor-arg name = "addressLine2" value="Telangana"></constructor-arg>
</bean>

<bean id = "person" class="com.cgi.spring_di_example2.Person">
<!--  <constructor-arg name="address" ref ="address"></constructor-arg>-->
<property name="address" ref="address"/>
<property name = "personId" value = "1"></property>
<property name = "personName" value = "John"></property>
</bean>


</beans>